longprefix0    , aa
longprefix1    , aa
longprefix2    , aa
longprefix3    , aa
longprefix4    , aa
longprefix5    , aa
longprefix6    , aa
longprefix7    , aa
longprefix8    , aa
longprefix9    , aa
longprefix10   , aa
longprefix11   , aa
longprefix12   , aa
longprefix13   , aa
longprefix14   , aa
longprefix15   , aa
longprefix16   , aa
longprefix17   , aa
longprefix18   , aa
longprefix19   , aa
longprefix20   , aa
longprefix21   , aa
longprefix22   , aa
longprefix23   , aa
longprefix24   , aa
longprefix25   , aa
longprefix26   , aa
longprefix27   , aa
longprefix28   , aa
longprefix29   , aa
longprefix30   , aa
longprefix31   , aa
longprefix32   , aa
longprefix33   , aa
longprefix34   , aa
longprefix35   , aa
longprefix36   , aa
longprefix37   , aa
longprefix38   , aa
longprefix39   , aa
